{"current":{"heading_color":"#ffffff","text_color":"#ffffff","accent_color":"#ae1e1e","link_color":"#00badb","border_color":"#e1e3e4","background":"#0e0909","secondary_background":"#0e0909","error_color":"#ae1e1e","success_color":"#00aa00","primary_button_background":"#ae1e1e","primary_button_text_color":"#ffffff","secondary_button_background":"#8a9297","secondary_button_text_color":"#ffffff","header_background":"#0e0909","header_text_color":"#ffffff","header_light_text_color":"#ae1e1e","header_accent_color":"#ae1e1e","footer_background_color":"#0e0909","footer_heading_text_color":"#ae1e1e","footer_body_text_color":"#ffffff","footer_accent_color":"#ae1e1e","product_on_sale_accent":"#ae1e1e","product_in_stock_color":"#008a00","product_low_stock_color":"#ae1e1e","product_sold_out_color":"#8a9297","product_label_1_background":"#33bbc7","product_label_2_background":"#06d0f3","product_star_color":"#ffbd00","base_text_font_size":16,"heading_font":"din_next_n5","text_font":"din_next_n4","underline_links":true,"currency_code_enabled":true,"animation_image_zoom":true,"search_mode":"product,article","show_vendor":true,"show_secondary_image":true,"show_reviews_badge":true,"show_discount":true,"discount_mode":"percentage","product_price_position":"before_title","product_image_size":"natural","show_color_swatch":false,"show_inventory_quantity":true,"low_inventory_threshold":0,"cart_type":"drawer","cart_empty_button_link":"shopify:\/\/collections\/all","cart_show_checkout_button":true,"cart_show_free_shipping_threshold":false,"cart_free_shipping_threshold":"","social_facebook":"https:\/\/www.facebook.com\/collectiblemadness\/","social_twitter":"https:\/\/twitter.com\/collectiblemad1","social_pinterest":"https:\/\/www.pinterest.com\/collectiblemadness\/","social_instagram":"https:\/\/www.instagram.com\/collectiblemadness\/","social_vimeo":"","social_tumblr":"","social_youtube":"https:\/\/www.youtube.com\/channel\/UCSXtXFB4Ac-Q6i89UPk8fKA","social_tiktok":"https:\/\/www.tiktok.com\/@colmad1","social_linkedin":"","social_snapchat":"","social_fancy":"","favicon":"shopify:\/\/shop_images\/collectible-madness-logo_square.png","checkout_header_image":"shopify:\/\/shop_images\/Business_Template_Insta_V2.png","checkout_logo_image":"shopify:\/\/shop_images\/collectible-madness-logo_white_7482b840-7c44-47a1-bacb-8d5093b2c9dd.png","checkout_logo_position":"right","checkout_logo_size":"large","checkout_body_background_color":"#fff","checkout_input_background_color_mode":"white","checkout_sidebar_background_color":"#0e0909","checkout_heading_font":"-apple-system, BlinkMacSystemFont, 'Segoe UI', Roboto, Helvetica, Arial, sans-serif, 'Apple Color Emoji', 'Segoe UI Emoji', 'Segoe UI Symbol'","checkout_body_font":"-apple-system, BlinkMacSystemFont, 'Segoe UI', Roboto, Helvetica, Arial, sans-serif, 'Apple Color Emoji', 'Segoe UI Emoji', 'Segoe UI Symbol'","checkout_accent_color":"#ae1e1e","checkout_button_color":"#ae1e1e","checkout_error_color":"#ae1e1e","share_image":"","sections":{"header":{"type":"header","blocks":{"892ee6c8-20e3-4c44-9c67-7c59b1f68f97":{"type":"mega_menu","settings":{"menu_item":"Main and Info","image_1_heading":"Your image","image_1_text":"Tell your story","image_1_link":"","image_2_heading":"Your image","image_2_text":"Tell your story","image_2_link":""}},"mega_menu_mDTxUU":{"type":"mega_menu","settings":{"menu_item":"","image_1_heading":"Your image","image_1_text":"Tell your story","image_1_link":"","image_2_heading":"Your image","image_2_text":"Tell your story","image_2_link":""}},"mega_menu_qDh3z3":{"type":"mega_menu","settings":{"menu_item":"","image_1_heading":"Your image","image_1_text":"Tell your story","image_1_link":"","image_2_heading":"Your image","image_2_text":"Tell your story","image_2_link":""}},"mega_menu_QKyNr9":{"type":"mega_menu","settings":{"menu_item":"","image_1_heading":"Your image","image_1_text":"Tell your story","image_1_link":"","image_2_heading":"Your image","image_2_text":"Tell your story","image_2_link":""}},"5fcf32ba-21f1-43dd-8c06-f7c9b54ab723":{"type":"mega_menu","settings":{"menu_item":"SPECIALS | PREORDERS","image_1_heading":"Your image","image_1_text":"Tell your story","image_1_link":"","image_2_heading":"Your image","image_2_text":"Tell your story","image_2_link":""}},"mega_menu_VRerzV":{"type":"mega_menu","settings":{"menu_item":"","image_1_heading":"Your image","image_1_text":"Tell your story","image_1_link":"","image_2_heading":"Your image","image_2_text":"Tell your story","image_2_link":""}},"8f8ad40f-4e3c-4c1e-815d-47c1c1fb2c29":{"type":"mega_menu","settings":{"menu_item":"POKEMON TCG - Sealed Products","image_1_heading":"","image_1_text":"","image_1_link":"","image_2_heading":"Your image","image_2_text":"Tell your story","image_2_link":""}},"mega_menu_kn6xnj":{"type":"mega_menu","settings":{"menu_item":"POKEMON TCG - Single Cards","image_1_heading":"Your image","image_1_text":"Tell your story","image_1_link":"","image_2_heading":"Your image","image_2_text":"Tell your story","image_2_link":""}},"mega_menu_Dz3NMe":{"type":"mega_menu","settings":{"menu_item":"POKEMON TCG - Expansion Sets","image_1_heading":"Your image","image_1_text":"Tell your story","image_1_link":"","image_2_heading":"Your image","image_2_text":"Tell your story","image_2_link":""}},"mega_menu_kbqVHK":{"type":"mega_menu","settings":{"menu_item":"","image_1_heading":"Your image","image_1_text":"Tell your story","image_1_link":"","image_2_heading":"Your image","image_2_text":"Tell your story","image_2_link":""}},"f6d9da46-0cc5-41e1-9247-8f7e1503b37d":{"type":"mega_menu","settings":{"menu_item":"OTHER TCG","image_1_heading":"Your image","image_1_text":"Tell your story","image_1_link":"","image_2_heading":"Your image","image_2_text":"Tell your story","image_2_link":""}},"aa0b214d-0fbd-4bdc-afdf-f4e82094f722":{"type":"mega_menu","settings":{"menu_item":"SPORTS","image_1_heading":"Your image","image_1_text":"Tell your story","image_1_link":"","image_2_heading":"Your image","image_2_text":"Tell your story","image_2_link":""}},"90bc7bb9-3975-409b-8412-5609ff729628":{"type":"mega_menu","settings":{"menu_item":"CARD PROTECTION | ACCESSORIES","image_1_heading":"Your image","image_1_text":"Tell your story","image_1_link":"","image_2_heading":"Your image","image_2_text":"Tell your story","image_2_link":""}},"7904c6ac-0c16-4e87-8ab4-722cf8a1614f":{"type":"mega_menu","settings":{"menu_item":"BOARD GAMES | PUZZLES | ACCESSORIES","image_1_heading":"Your image","image_1_text":"Tell your story","image_1_link":"","image_2_heading":"Your image","image_2_text":"Tell your story","image_2_link":""}},"87177c9e-bb84-4498-bbfa-df22500947c1":{"type":"mega_menu","settings":{"menu_item":"FIGURINES | MERCHANDISE | PLUSH | TOYS","image_1_heading":"Your image","image_1_text":"Tell your story","image_1_link":"","image_2_heading":"Your image","image_2_text":"Tell your story","image_2_link":""}},"mega_menu_VH9RMy":{"type":"mega_menu","settings":{"menu_item":"","image_1_heading":"Your image","image_1_text":"Tell your story","image_1_link":"","image_2_heading":"Your image","image_2_text":"Tell your story","image_2_link":""}},"bfb63bec-1dd2-421b-b6cf-66ff5f6e0de2":{"type":"mega_menu","settings":{"menu_item":"Products","image_1_heading":"Your image","image_1_text":"Tell your story","image_1_link":"","image_2_heading":"Your image","image_2_text":"Tell your story","image_2_link":""}},"mega_menu_h6gfXP":{"type":"mega_menu","settings":{"menu_item":"","image_1_heading":"Your image","image_1_text":"Tell your story","image_1_link":"","image_2_heading":"Your image","image_2_text":"Tell your story","image_2_link":""}},"mega_menu_j9AqwL":{"type":"mega_menu","settings":{"menu_item":"","image_1_heading":"Your image","image_1_text":"Tell your story","image_1_link":"","image_2_heading":"Your image","image_2_text":"Tell your story","image_2_link":""}},"51e35346-0f09-4115-92ee-15a1c618ce67":{"type":"mega_menu","settings":{"menu_item":"VIDEO GAMES","image_1_heading":"Your image","image_1_text":"Tell your story","image_1_link":"","image_2_heading":"Your image","image_2_text":"Tell your story","image_2_link":""}},"mega_menu_ARxeeg":{"type":"mega_menu","settings":{"menu_item":"","image_1_heading":"Your image","image_1_text":"Tell your story","image_1_link":"","image_2_heading":"Your image","image_2_text":"Tell your story","image_2_link":""}}},"block_order":["892ee6c8-20e3-4c44-9c67-7c59b1f68f97","mega_menu_mDTxUU","mega_menu_qDh3z3","mega_menu_QKyNr9","5fcf32ba-21f1-43dd-8c06-f7c9b54ab723","mega_menu_VRerzV","8f8ad40f-4e3c-4c1e-815d-47c1c1fb2c29","mega_menu_kn6xnj","mega_menu_Dz3NMe","mega_menu_kbqVHK","f6d9da46-0cc5-41e1-9247-8f7e1503b37d","aa0b214d-0fbd-4bdc-afdf-f4e82094f722","90bc7bb9-3975-409b-8412-5609ff729628","7904c6ac-0c16-4e87-8ab4-722cf8a1614f","87177c9e-bb84-4498-bbfa-df22500947c1","mega_menu_VH9RMy","bfb63bec-1dd2-421b-b6cf-66ff5f6e0de2","mega_menu_h6gfXP","mega_menu_j9AqwL","51e35346-0f09-4115-92ee-15a1c618ce67","mega_menu_ARxeeg"],"settings":{"enable_sticky_header":true,"logo":"shopify:\/\/shop_images\/collectible-madness-logo_white_7482b840-7c44-47a1-bacb-8d5093b2c9dd.png","logo_max_width":230,"mobile_logo_max_width":100,"show_locale_selector":false,"show_country_selector":true,"navigation_menu":"mega-menu","navigation_mobile_menu":"","desktop_navigation_layout":"condensed","desktop_navigation_open_trigger":"hover","show_navigation_social_media":true,"navigation_phone_number":"","navigation_email":"customer_support@collectiblemadness.com.au","show_condensed_search":true,"show_search_filter":true,"search_menu":"mega-menu","show_search_menu_title":true}},"footer":{"type":"footer","blocks":{"footer-1":{"type":"links","settings":{"menu":"footer"}},"footer-2":{"type":"newsletter","settings":{"title":"Join our mailing list","subheading":""}}},"block_order":["footer-1","footer-2"],"settings":{"show_social_media":true,"show_payment_icons":true,"show_locale_selector":false,"show_country_selector":true,"show_cookie_bar":false,"text":"<p>Use this bar to show information about your cookie policy.<\/p>"}},"announcement-bar":{"type":"announcement-bar","settings":{"show_announcement":true,"background":"#ae1e1e","text_color":"#ffffff","text":"Free Standard Domestic Shipping for all orders over $125","text_position":"center","link":"","show_newsletter":false,"newsletter_button":"Subscribe & Save","newsletter_title":"Newsletter","newsletter_content":"<p>A short sentence describing what someone will receive by subscribing<\/p>"}},"popups":{"type":"popups","blocks":{"d5d87a41-fb9b-47f8-a07d-7cd33fbbecce":{"type":"newsletter","settings":{"show_only_on_index":true,"show_only_for_visitors":true,"show_only_once":true,"title":"SUBSCRIBE TO OUR WEBSITE","content":"<p>Subscribe to our website and receive a 5% Discount on your first order ONLY.<\/p><p><\/p>","show_newsletter":true,"apparition_delay":5}}},"block_order":["d5d87a41-fb9b-47f8-a07d-7cd33fbbecce"],"settings":{}},"static-text-with-icons":{"type":"static-text-with-icons","blocks":{"static-text-with-icons-0":{"type":"item","disabled":true,"settings":{"icon":"bi-customer-support","title":"100% Customer Service Focused","content":"<p>Established since 2017<\/p><p><\/p><p>ACN:      642 262 271<\/p><p>ABN:      627 349 065 05<\/p>"}},"static-text-with-icons-3":{"type":"item","disabled":true,"settings":{"icon":"bi-secure-payment","title":"Secure payments","content":"<p>Multiple Options<\/p><p>Buy Now and Pay Later <\/p>"}},"static-text-with-icons-1":{"type":"item","disabled":true,"settings":{"icon":"bi-time","title":"Fast and Low Price Delivery Options","content":"<p>Free Domestic Standard Delivery for orders over $100<\/p><p>Low Low Express options also !!!<\/p>"}},"static-text-with-icons-2":{"type":"item","disabled":true,"settings":{"icon":"bi-shop","title":"Genuine Products at Low Prices","content":"<p>All products either sourced direct from the Manufacturer or their authorised Distributors<\/p>"}}},"block_order":["static-text-with-icons-0","static-text-with-icons-3","static-text-with-icons-1","static-text-with-icons-2"],"settings":{"show_section":true,"stack_mobile":false}},"wholesale-contact":{"type":"wholesale-contact","blocks":{"a50bb2f1-f162-4d7b-b494-d7ffb524794a":{"type":"text","settings":{"title":"Business Name","use_long_text":false,"is_required":true}},"ba9646ec-4ecf-43c7-9c28-1231a2e49758":{"type":"text","settings":{"title":"ABN","use_long_text":false,"is_required":true}},"90af76e4-914e-42ae-8576-881020370b7a":{"type":"dropdown","settings":{"title":"Business Type","values":"Brick & Mortar, Online Only, Brick & Mortar + Online"}},"2e67aba1-d277-4de1-a61c-a15a6a13c3f7":{"type":"text","settings":{"title":"Business Address","use_long_text":false,"is_required":true}}},"block_order":["a50bb2f1-f162-4d7b-b494-d7ffb524794a","ba9646ec-4ecf-43c7-9c28-1231a2e49758","90af76e4-914e-42ae-8576-881020370b7a","2e67aba1-d277-4de1-a61c-a15a6a13c3f7"],"settings":{"form_heading":"Leave your message","show_store_info":false,"store_heading":"Find us","store_info":""}}},"content_for_index":[],"blocks":{"3acfba32-89f3-4377-ae20-cbb9abc48475":{"type":"shopify:\/\/apps\/order-limits-minmaxify\/blocks\/app-embed-block\/3acfba32-89f3-4377-ae20-cbb9abc48475","disabled":false,"settings":{}},"6174324309569838175":{"type":"shopify:\/\/apps\/smile-io\/blocks\/smile-shopify-app\/2fae4e25-1841-4ea2-bc02-bd548478c4f6","disabled":false,"settings":{}},"5946647744298494267":{"type":"shopify:\/\/apps\/wishlist-plus\/blocks\/wishlist-app-embed\/80c3b1fc-3a8f-407e-8367-ffdeebb8b612","disabled":false,"settings":{}},"15683396631634586217":{"type":"shopify:\/\/apps\/inbox\/blocks\/chat\/841fc607-4181-4ad1-842d-e24d7f8bad6b","disabled":false,"settings":{"button_color":"#ae1e1e","secondary_color":"#FFFFFF","ternary_color":"#ae1e1e","button_icon":"chat_bubble","button_text":"chat_with_us","button_horizontal_position":"bottom_right","button_vertical_position":"highest","greeting_message":"👋 Hello! Let us know if you have a specific question, or give an idea of what you're looking for. We're happy to make recommendations."}},"10274264662263595587":{"type":"shopify:\/\/apps\/wishlist-plus\/blocks\/wishlist-collections-embed\/80c3b1fc-3a8f-407e-8367-ffdeebb8b612","disabled":false,"settings":{"swym_collections_icon_type":"heart","swym_collections_position":"top-right","swym_collections_vertical_offset":0,"swym_collections_horizontal_offset":0,"swym_collections_button_size":25,"swym_collections_icon_color":"#000000","swym_collections_product_link_selector":"-","swym_collections_product_tile_selector":"-","enable_variant_selector":false,"swym_add_to_wishlist_title_color":"#333","swym_variant_selector_font_size_1":14,"swym_variant_selector_popup_bg_color":"#fff","swym_variant_selector_section_heading_color":"#000","swym_variant_selector_section_heading_font_size_2":12,"swym_variant_selector_choose_create_text":"Choose or Create new Wishlist","swym_variant_selector_wishlist_btn_bg_color":"#292929","swym_variant_selector_wishlist_btn_color":"#fff","swym_variant_selector_product_detail_font_color":"#fff","swym_variant_selector_create_list_placeholder_text":"Enter wishlist name","swym_variant_selector_create_list_title":"Name Your Wishlist"}}}},"presets":{"Metal":{"heading_color":"#1e2d7d","text_color":"#677279","accent_color":"#00badb","link_color":"#00badb","border_color":"#e1e3e4","background":"#f3f5f6","secondary_background":"#ffffff","error_color":"#ff0000","success_color":"#00aa00","primary_button_background":"#00badb","primary_button_text_color":"#ffffff","secondary_button_background":"#1e2d7d","secondary_button_text_color":"#ffffff","header_background":"#1e2d7d","header_text_color":"#ffffff","header_light_text_color":"#a3afef","header_accent_color":"#00badb","product_on_sale_accent":"#ee0000","product_in_stock_color":"#008a00","product_low_stock_color":"#ee0000","product_sold_out_color":"#8a9297","product_label_1_background":"#008a00","product_label_2_background":"#00a500","product_star_color":"#ffbd00","footer_background_color":"#f3f5f6","footer_heading_text_color":"#1e2d7d","footer_body_text_color":"#677279","footer_accent_color":"#00badb","base_text_font_size":16,"heading_font":"din_next_n5","text_font":"din_next_n4","underline_links":true,"animation_image_zoom":true,"search_mode":"product,article","show_vendor":true,"show_secondary_image":true,"product_price_position":"after_title","product_image_size":"natural","show_discount":true,"discount_mode":"saving","show_color_swatch":false,"show_inventory_quantity":false,"low_inventory_threshold":0,"show_reviews_badge":false,"cart_type":"drawer","cart_empty_button_link":"shopify:\/\/collections\/all","cart_show_checkout_button":true,"cart_show_free_shipping_threshold":false,"cart_free_shipping_threshold":"50","share_image":"","social_facebook":"","social_twitter":"","social_pinterest":"","social_instagram":"","social_vimeo":"","social_tumblr":"","social_youtube":"","social_linkedin":"","social_snapchat":"","social_fancy":"","favicon":"","checkout_header_image":"","checkout_logo_image":"","checkout_logo_position":"left","checkout_logo_size":"medium","checkout_body_background_image":"","checkout_body_background_color":"#fff","checkout_input_background_color_mode":"white","checkout_sidebar_background_image":"","checkout_sidebar_background_color":"#fafafa","checkout_heading_font":"-apple-system, BlinkMacSystemFont, 'Segoe UI', Roboto, Helvetica, Arial, sans-serif, 'Apple Color Emoji', 'Segoe UI Emoji', 'Segoe UI Symbol'","checkout_body_font":"-apple-system, BlinkMacSystemFont, 'Segoe UI', Roboto, Helvetica, Arial, sans-serif, 'Apple Color Emoji', 'Segoe UI Emoji', 'Segoe UI Symbol'","checkout_accent_color":"#00badb","checkout_button_color":"#00badb","checkout_error_color":"#ff0000","sections":{"header":{"type":"header","settings":{"logo":"","logo_max_width":140,"mobile_logo_max_width":100,"navigation_menu":"main-menu","desktop_navigation_layout":"inline","desktop_navigation_open_trigger":"hover","navigation_phone_number":"Call us 000-000-0000","navigation_email":"info@yourwebsite.com","search_menu":""}},"footer":{"type":"footer","blocks":{"footer-0":{"type":"text","settings":{"title":"About the shop","content":"<p>Use this text area to tell your customers about your brand and vision. You can change it in the theme settings.<\/p>"}},"footer-1":{"type":"links","settings":{"menu":"footer"}},"footer-2":{"type":"newsletter","settings":{"title":"Newsletter","subheading":"<p>A short sentence describing what someone will receive by subscribing<\/p>"}}},"block_order":["footer-0","footer-1","footer-2"],"settings":{"show_social_media":true,"show_payment_icons":true}},"announcement-bar":{"type":"announcement-bar","settings":{"background":"#1e2d7d","text_color":"#ffffff","text":"Announce something here","link":"","newsletter_button":"Subscribe & Save","newsletter_title":"Newsletter","newsletter_content":"<p>A short sentence describing what someone will receive by subscribing<\/p>"}}}},"Wood":{"heading_color":"#3a2a2f","text_color":"#3a2a2f","accent_color":"#ff6128","link_color":"#ff6128","border_color":"#e7e2de","background":"#f7f4f2","secondary_background":"#ffffff","error_color":"#f71b1b","success_color":"#48b448","primary_button_background":"#ff6128","primary_button_text_color":"#ffffff","secondary_button_background":"#3a2a2f","secondary_button_text_color":"#ffffff","header_background":"#3a2a2f","header_text_color":"#ffffff","header_light_text_color":"#e9e2dd","header_accent_color":"#ff6128","product_on_sale_accent":"#ee0000","product_in_stock_color":"#008a00","product_low_stock_color":"#ee0000","product_sold_out_color":"#d1d1d4","product_label_1_background":"#ff6128","product_label_2_background":"#a95ebe","product_star_color":"#ffb647","footer_background_color":"#f7f4f2","footer_heading_text_color":"#3a2a2f","footer_body_text_color":"#3a2a2f","footer_accent_color":"#ff6128","base_text_font_size":15,"heading_font":"itc_avant_garde_gothic_n5","text_font":"basic_commercial_n4","underline_links":true,"animation_image_zoom":true,"search_mode":"product,article,page","show_vendor":true,"show_secondary_image":true,"show_discount":true,"discount_mode":"percentage","product_price_position":"after_title","product_image_size":"square","show_color_swatch":false,"show_inventory_quantity":true,"low_inventory_threshold":1,"show_reviews_badge":false,"cart_type":"drawer","cart_empty_button_link":"shopify:\/\/collections\/all","cart_show_checkout_button":true,"cart_show_free_shipping_threshold":true,"cart_free_shipping_threshold":"50","checkout_logo_position":"center","checkout_logo_size":"medium","checkout_body_background_image":"","checkout_body_background_color":"#fff","checkout_input_background_color_mode":"white","checkout_sidebar_background_image":"","checkout_sidebar_background_color":"#f7f4f2","checkout_heading_font":"-apple-system, BlinkMacSystemFont, 'Segoe UI', Roboto, Helvetica, Arial, sans-serif, 'Apple Color Emoji', 'Segoe UI Emoji', 'Segoe UI Symbol'","checkout_body_font":"-apple-system, BlinkMacSystemFont, 'Segoe UI', Roboto, Helvetica, Arial, sans-serif, 'Apple Color Emoji', 'Segoe UI Emoji', 'Segoe UI Symbol'","checkout_accent_color":"#ff6128","checkout_button_color":"#ff6128","checkout_error_color":"#f71b1b","sections":{"header":{"type":"header","settings":{"logo":"","logo_max_width":140,"mobile_logo_max_width":100,"navigation_menu":"main-menu","desktop_navigation_layout":"inline","desktop_navigation_open_trigger":"hover","navigation_phone_number":"Call us 000-000-0000","navigation_email":"info@yourwebsite.com","search_menu":""}},"footer":{"type":"footer","blocks":{"footer-0":{"type":"text","settings":{"title":"About the shop","content":"<p>Use this text area to tell your customers about your brand and vision. You can change it in the theme settings.<\/p>"}},"footer-1":{"type":"links","settings":{"menu":"footer"}},"footer-2":{"type":"newsletter","settings":{"title":"Newsletter","subheading":"<p>A short sentence describing what someone will receive by subscribing<\/p>"}}},"block_order":["footer-0","footer-1","footer-2"],"settings":{"show_social_media":true,"show_payment_icons":true}},"announcement-bar":{"type":"announcement-bar","settings":{"background":"#3a2a2f","text_color":"#ffffff","text":"Announce something here","link":"","newsletter_button":"Subscribe & Save","newsletter_title":"Newsletter","newsletter_content":"<p>A short sentence describing what someone will receive by subscribing<\/p>"}}}},"Fabric":{"heading_color":"#222021","text_color":"#616161","accent_color":"#cb1836","link_color":"#cb1836","border_color":"#e8e8e8","background":"#f5f5f5","secondary_background":"#ffffff","error_color":"#cf0e0e","success_color":"#1c7b36","primary_button_background":"#cb1836","primary_button_text_color":"#ffffff","secondary_button_background":"#222021","secondary_button_text_color":"#ffffff","header_background":"#222021","header_text_color":"#ffffff","header_light_text_color":"#e8e8e8","header_accent_color":"#cb1836","footer_background_color":"#222021","footer_heading_text_color":"#ffffff","footer_body_text_color":"#ffffff","footer_accent_color":"#cb1836","product_on_sale_accent":"#cf0e0e","product_in_stock_color":"#1c7b36","product_low_stock_color":"#cf0e0e","product_sold_out_color":"#8a9297","product_label_1_background":"#3f6ab1","product_label_2_background":"#8a44ae","product_star_color":"#ffbd00","base_text_font_size":16,"heading_font":"avenir_next_n7","text_font":"avenir_next_n5","underline_links":true,"animation_image_zoom":true,"search_mode":"product,article","show_vendor":true,"show_secondary_image":true,"show_discount":true,"discount_mode":"percentage","product_price_position":"before_title","product_image_size":"square","show_color_swatch":true,"show_inventory_quantity":true,"low_inventory_threshold":2,"show_reviews_badge":true,"cart_type":"drawer","cart_empty_button_link":"shopify:\/\/collections\/all","cart_show_checkout_button":true,"cart_show_free_shipping_threshold":true,"cart_free_shipping_threshold":"49","social_facebook":"","social_twitter":"","social_pinterest":"","social_instagram":"","social_vimeo":"","social_tumblr":"","social_youtube":"","social_linkedin":"","social_snapchat":"","social_fancy":"","favicon":"","checkout_header_image":"","checkout_logo_image":"","checkout_logo_position":"left","checkout_logo_size":"medium","checkout_body_background_image":"","checkout_body_background_color":"#fff","checkout_input_background_color_mode":"white","checkout_sidebar_background_image":"","checkout_sidebar_background_color":"#f5f5f5","checkout_heading_font":"-apple-system, BlinkMacSystemFont, 'Segoe UI', Roboto, Helvetica, Arial, sans-serif, 'Apple Color Emoji', 'Segoe UI Emoji', 'Segoe UI Symbol'","checkout_body_font":"-apple-system, BlinkMacSystemFont, 'Segoe UI', Roboto, Helvetica, Arial, sans-serif, 'Apple Color Emoji', 'Segoe UI Emoji', 'Segoe UI Symbol'","checkout_accent_color":"#cb1836","checkout_button_color":"#cb1836","checkout_error_color":"#ff0000","sections":{"header":{"type":"header","settings":{"logo":"","logo_max_width":140,"mobile_logo_max_width":100,"navigation_menu":"main-menu","desktop_navigation_layout":"inline","desktop_navigation_open_trigger":"hover","navigation_phone_number":"Call us 000-000-0000","navigation_email":"info@yourwebsite.com","search_menu":""}},"footer":{"type":"footer","blocks":{"footer-0":{"type":"text","settings":{"title":"About the shop","content":"<p>Use this text area to tell your customers about your brand and vision. You can change it in the theme settings.<\/p>"}},"footer-1":{"type":"links","settings":{"menu":"footer"}},"footer-2":{"type":"newsletter","settings":{"title":"Newsletter","subheading":"<p>A short sentence describing what someone will receive by subscribing<\/p>"}}},"block_order":["footer-0","footer-1","footer-2"],"settings":{"show_social_media":true,"show_payment_icons":true}},"announcement-bar":{"type":"announcement-bar","settings":{"background":"#222021","text_color":"#ffffff","text":"Announce something here","link":"","newsletter_button":"Subscribe & Save","newsletter_title":"Newsletter","newsletter_content":"<p>A short sentence describing what someone will receive by subscribing<\/p>"}}}}}}