{"sections":{"main":{"type":"main-blog-post","blocks":{"newsletter":{"type":"newsletter","settings":{"title":"Subscribe to our website","content":"<p>Subscribe to our website and receive a 5% Discount on your first order<\/p>","subtext":"100% free, Unsubscribe any time!","background":"#0e0909","text":"#ffffff"}},"social-media":{"type":"social_media","settings":{"title":"Follow us","show_rss":true}}},"block_order":["newsletter","social-media"],"settings":{"show_category":true,"show_author":true,"show_date":true,"show_share_buttons":true,"show_tags":true,"show_gravatar":true}}},"order":["main"]}