{"sections":{"main":{"type":"main-blog","blocks":{"newsletter":{"type":"newsletter","settings":{"title":"Subscribe to our website","content":"<p>Subscribe to our website and receive a 5% Discount on your first order<\/p>","subtext":"100% free, Unsubscribe any time!","background":"#1e2d7d","text":"#ffffff"}},"social-media":{"type":"social_media","settings":{"title":"Follow us","show_rss":true}}},"block_order":["newsletter","social-media"],"settings":{"articles_per_page":12,"highlight_first_article":true,"show_tags":true,"show_category":true,"show_author":true,"show_date":true,"show_excerpt":false}},"6f0a62fa-fad0-47f4-968b-e078c784855a":{"type":"newsletter","settings":{"title":"Subscribe to our website","content":"<p>Subscribe to our website and receive a 5% Discount on your first order with us !<\/p>","background":"#0e0909","text":"#ffffff"}}},"order":["main","6f0a62fa-fad0-47f4-968b-e078c784855a"]}