{"sections":{"main":{"type":"main-cart","settings":{"enable_order_notes":true,"show_payment_icons":true,"gift_wrap_product":"","gift_wrap_text":"Do you want a gift wrap?","gift_wrap_button":"Add a gift wrap","show_shipping_estimator":true,"shipping_estimator_default_country":"Australia","trust_heading":"Our guarantees","upsell_heading":"Complete your cart","upsell_collection":"","upsell_products_count":4}},"recently-viewed-products":{"type":"recently-viewed-products","settings":{"title":"Recently viewed","show_quick_buy":true}},"171816840700ce3be6":{"type":"apps","blocks":{"klarna_on_site_messaging_app_block_jYyGpm":{"type":"shopify:\/\/apps\/klarna-on-site-messaging\/blocks\/app-block\/b95936a9-74b6-4a95-8103-6a1b6459c25e","settings":{"data_key":"credit-promotion-auto-size","locale_option":"geolocation","locale_fallback":"","theme":"default","topPadding":"0","bottomPadding":"0","messagePrefix":""}}},"block_order":["klarna_on_site_messaging_app_block_jYyGpm"],"settings":{"include_margins":true}},"1733909069450e6646":{"type":"apps","settings":{"include_margins":true}}},"order":["main","recently-viewed-products","171816840700ce3be6","1733909069450e6646"]}