{"sections":{"main":{"type":"main-collection","settings":{"show_collection_image":true,"collapse_collection_description":false,"collection_image_size":"medium","products_per_row":"4","default_products_per_page":48,"default_view_layout":"grid","show_quick_buy":"list_grid","show_quick_view":"list_grid","quick_links":"","quick_links_show_products_count":true,"show_filters":true,"show_filter_color_swatch":false,"open_group_filters_mode":"all_closed"}},"1e021530-0217-42ef-8849-a9ec53021123":{"type":"promotion-list","disabled":true,"blocks":{"56d5ccd6-e959-414e-a7b4-a9336f0d41a4":{"type":"item","settings":{"show_overlay":false,"overlay_opacity":50,"stretch_image":false,"background":"#000000","text_color":"#ffffff","title":"Your heading","content":"<p>Tell more about your product, collection...<\/p>","content_position":"top_left","button_background":"#ffffff","button_text_color":"#000000","button_text":"Learn more","button_link":""}},"26c899dc-05cf-447f-9166-64e6db5b5e37":{"type":"item","settings":{"show_overlay":false,"overlay_opacity":50,"stretch_image":false,"background":"#000000","text_color":"#ffffff","title":"Your heading","content":"<p>Tell more about your product, collection...<\/p>","content_position":"top_left","button_background":"#ffffff","button_text_color":"#000000","button_text":"Learn more","button_link":""}},"766376c6-0be5-4f07-b79a-736d98f85060":{"type":"item","settings":{"show_overlay":false,"overlay_opacity":50,"stretch_image":false,"background":"#000000","text_color":"#ffffff","title":"Your heading","content":"<p>Tell more about your product, collection...<\/p>","content_position":"top_left","button_background":"#ffffff","button_text_color":"#000000","button_text":"Learn more","button_link":""}}},"block_order":["56d5ccd6-e959-414e-a7b4-a9336f0d41a4","26c899dc-05cf-447f-9166-64e6db5b5e37","766376c6-0be5-4f07-b79a-736d98f85060"],"settings":{"expand_items":false,"section_size":"medium","stack_mobile":false}},"recently-viewed-products":{"type":"recently-viewed-products","settings":{"title":"Recently viewed","show_quick_buy":false}}},"order":["main","1e021530-0217-42ef-8849-a9ec53021123","recently-viewed-products"]}