{"sections":{"2593872d-9b6f-4ec0-879b-e6a5086703df":{"type":"collection-form-template","blocks":{"0c17a36e-45b7-4009-afdb-5b675019a4f8":{"type":"line_item_property","settings":{"name":"Card Year"}},"4e09b344-061c-4c3b-9aa5-683c733bd7a3":{"type":"line_item_property","settings":{"name":"Expansion Set Name"}},"f0924064-a9b5-4835-9553-2faa4bff603e":{"type":"line_item_property","settings":{"name":"Card Name"}},"d673e26e-a3fb-4397-a837-9ca2476c3254":{"type":"line_item_property","settings":{"name":"Rarity"}},"e4a94489-8dfb-432e-9445-d44b5249241a":{"type":"line_item_property","settings":{"name":"Card & set number"}},"line_item_property_wAXq6Q":{"type":"line_item_property","settings":{"name":""}},"246855b4-eee8-4ba5-bfbd-5e8e35a9c8ba":{"type":"line_item_property","settings":{"name":"Langauge"}},"bc1d057f-99ca-4d80-9180-2fef9fad94d2":{"type":"line_item_property","settings":{"name":"Declared Value"}}},"block_order":["0c17a36e-45b7-4009-afdb-5b675019a4f8","4e09b344-061c-4c3b-9aa5-683c733bd7a3","f0924064-a9b5-4835-9553-2faa4bff603e","d673e26e-a3fb-4397-a837-9ca2476c3254","e4a94489-8dfb-432e-9445-d44b5249241a","line_item_property_wAXq6Q","246855b4-eee8-4ba5-bfbd-5e8e35a9c8ba","bc1d057f-99ca-4d80-9180-2fef9fad94d2"],"settings":{"collapse_collection_description":false,"porduct_h":"Service Level","qty_h":"Qty","subtotal_h":"Invoice Value"}},"main":{"type":"main-collection","disabled":true,"settings":{"show_collection_image":true,"collapse_collection_description":false,"collection_image_size":"medium","products_per_row":"4","default_products_per_page":48,"default_view_layout":"grid","show_quick_buy":"list_grid","show_quick_view":"list_grid","quick_links":"","quick_links_show_products_count":true,"show_filters":true,"show_filter_color_swatch":false,"open_group_filters_mode":"all_closed"}},"1e021530-0217-42ef-8849-a9ec53021123":{"type":"promotion-list","blocks":{"56d5ccd6-e959-414e-a7b4-a9336f0d41a4":{"type":"item","settings":{"show_overlay":false,"overlay_opacity":50,"stretch_image":false,"background":"#000000","text_color":"#ffffff","title":"Your heading","content":"<p>Tell more about your product, collection...<\/p>","content_position":"top_left","button_background":"#ffffff","button_text_color":"#000000","button_text":"Learn more","button_link":""}},"26c899dc-05cf-447f-9166-64e6db5b5e37":{"type":"item","settings":{"show_overlay":false,"overlay_opacity":50,"stretch_image":false,"background":"#000000","text_color":"#ffffff","title":"Your heading","content":"<p>Tell more about your product, collection...<\/p>","content_position":"top_left","button_background":"#ffffff","button_text_color":"#000000","button_text":"Learn more","button_link":""}},"766376c6-0be5-4f07-b79a-736d98f85060":{"type":"item","settings":{"show_overlay":false,"overlay_opacity":50,"stretch_image":false,"background":"#000000","text_color":"#ffffff","title":"Your heading","content":"<p>Tell more about your product, collection...<\/p>","content_position":"top_left","button_background":"#ffffff","button_text_color":"#000000","button_text":"Learn more","button_link":""}}},"block_order":["56d5ccd6-e959-414e-a7b4-a9336f0d41a4","26c899dc-05cf-447f-9166-64e6db5b5e37","766376c6-0be5-4f07-b79a-736d98f85060"],"disabled":true,"settings":{"expand_items":false,"section_size":"medium","stack_mobile":false}},"recently-viewed-products":{"type":"recently-viewed-products","disabled":true,"settings":{"title":"Recently viewed","show_quick_buy":false}}},"order":["2593872d-9b6f-4ec0-879b-e6a5086703df","main","1e021530-0217-42ef-8849-a9ec53021123","recently-viewed-products"]}