{"sections":{"d4f55def-78e5-42c1-8d3a-e752b27ab591":{"type":"slideshow","blocks":{"b6b743f8-78eb-434d-82b8-9d7432886694":{"type":"image","disabled":true,"settings":{"image":"shopify:\/\/shop_images\/SQUISH51.png","show_overlay":false,"overlay_opacity":30,"text_color":"#ffffff","title":"","content":"","content_position":"middle_center","button_background":"#ffffff","button_text_color":"#000000","button_text":"SALE ON NOW","link":"shopify:\/\/collections\/squishmallows-sale"}},"fdfb291f-c169-4778-a9af-29cc0a1f3beb":{"type":"image","disabled":true,"settings":{"image":"shopify:\/\/shop_images\/EOFY2024Update.png","show_overlay":false,"overlay_opacity":30,"text_color":"#ffffff","title":"","content":"","content_position":"bottom_center","button_background":"#ffffff","button_text_color":"#000000","button_text":"TAKE A FURTHER 35% OFF","link":"shopify:\/\/collections\/eofy2024"}},"template--17170305941777__d4f55def-78e5-42c1-8d3a-e752b27ab591-1671537270080e6863-0":{"type":"image","settings":{"image":"shopify:\/\/shop_images\/clearance.png","show_overlay":false,"overlay_opacity":30,"text_color":"#ffffff","title":"","content":"","content_position":"top_left","button_background":"#ffffff","button_text_color":"#000000","button_text":"GRAB A BARGAIN NOW","link":"shopify:\/\/collections\/clearance-sale"}}},"block_order":["b6b743f8-78eb-434d-82b8-9d7432886694","fdfb291f-c169-4778-a9af-29cc0a1f3beb","template--17170305941777__d4f55def-78e5-42c1-8d3a-e752b27ab591-1671537270080e6863-0"],"settings":{"edge_to_edge":false,"section_size":"preserve_ratio","carousel_effect":"fade","autoplay":true,"cycle_speed":6}},"16887039728694eafa":{"type":"apps","blocks":{"cdc8a99f-3e90-4eef-91c5-01a67dea8620":{"type":"shopify:\/\/apps\/stamped-reviews\/blocks\/site-badge\/a103faaf-2125-4b0e-89fa-de5149736723","settings":{"badge_type":"badge","color_outer":"","color_inner":"","color_ribbon":"","color_text":"","color_stars":"","title_size":12,"title":"Verified Reviews"}}},"block_order":["cdc8a99f-3e90-4eef-91c5-01a67dea8620"],"settings":{"include_margins":true}},"slideshow":{"type":"slideshow","blocks":{"slide-1":{"type":"image","settings":{"image":"shopify:\/\/shop_images\/CM_Products_Banner.png","show_overlay":false,"overlay_opacity":30,"text_color":"#ffffff","title":"","content":"","content_position":"top_left","button_background":"#ffffff","button_text_color":"#000000","button_text":"SHOP HERE","link":"shopify:\/\/collections\/cm-tcg-storage-and-protection"}},"image_Y4m7M9":{"type":"image","settings":{"image":"shopify:\/\/shop_images\/Blog_Banner.png","show_overlay":false,"overlay_opacity":30,"text_color":"#ffffff","title":"","content":"","content_position":"top_left","button_background":"#ffffff","button_text_color":"#000000","button_text":"Enquire","link":"shopify:\/\/blogs\/news\/pokemon-tcg-black-bolt-and-white-flare-preorder-update"}},"4b6caf3f-3fa2-458c-82b7-4504dd64cf3f":{"type":"image","settings":{"image":"shopify:\/\/shop_images\/Pokemon_Card_Singles.png","show_overlay":false,"overlay_opacity":30,"text_color":"#ffffff","title":"","content":"","content_position":"top_left","button_background":"#ffffff","button_text_color":"#000000","button_text":"SHOP HERE","link":"shopify:\/\/collections\/pokemon-card-singles"}},"f52b6834-9072-4b2c-ae17-60499026d992":{"type":"image","settings":{"image":"shopify:\/\/shop_images\/MTG_Banner.png","show_overlay":false,"overlay_opacity":30,"text_color":"#ffffff","title":"","content":"","content_position":"top_left","button_background":"#ffffff","button_text_color":"#000000","button_text":"PREORDER TODAY","link":"shopify:\/\/collections\/magic-the-gathering-preorder"}},"54577cbe-9afd-4e9d-ae34-de24e12ff369":{"type":"image","settings":{"image":"shopify:\/\/shop_images\/DRAGON_BALL_PREORDER.png","show_overlay":false,"overlay_opacity":30,"text_color":"#ffffff","title":"","content":"","content_position":"top_left","button_background":"#ffffff","button_text_color":"#000000","button_text":"PREORDER TODAY","link":"shopify:\/\/collections\/dragon-ball-super-preorder"}},"8d6b7a52-07d8-47e3-bbec-1c0ff33ee1aa":{"type":"image","settings":{"image":"shopify:\/\/shop_images\/Yu-Gi-Oh_Banner.png","show_overlay":false,"overlay_opacity":30,"text_color":"#ffffff","title":"","content":"","content_position":"top_left","button_background":"#ffffff","button_text_color":"#000000","button_text":"PREORDER TODAY","link":"shopify:\/\/collections\/yu-gi-oh-preorder"}}},"block_order":["slide-1","image_Y4m7M9","4b6caf3f-3fa2-458c-82b7-4504dd64cf3f","f52b6834-9072-4b2c-ae17-60499026d992","54577cbe-9afd-4e9d-ae34-de24e12ff369","8d6b7a52-07d8-47e3-bbec-1c0ff33ee1aa"],"settings":{"edge_to_edge":false,"section_size":"preserve_ratio","carousel_effect":"fade","autoplay":true,"cycle_speed":5}},"featured_collection_QtebBq":{"type":"featured-collection","settings":{"collection":"collectible-madness-preorders","title":"Whats New !!!","products_count":18,"layout":"vertical","stack_products":true,"show_quick_buy":true,"link_title":"View all","link_url":""}},"8fa073f5-6857-469b-bdbe-050af92a6c8e":{"type":"custom-html","disabled":true,"settings":{"title":"","html":"<div id=\"stamped-reviews-widget\" data-widget-type=\"site-badge\" data-badge-type=\"badge\"><\/div>"}},"collection_with_image_WwNaGP":{"type":"collection-with-image","settings":{"collection":"collectible-madness-storage-display","products_count":16,"show_quick_buy":true,"background":"#ffffff","text_color":"#000000","title":"Acrylic Cases by Collectible Madness","content":"Superior Protection: Our high-quality acrylic cases provide robust and reliable protection for your cherished collectibles.\nCrystal Clear Visibility: The transparent design offers an unobstructed view, allowing you to admire and display your items perfectly.\nVariety of Sizes: Available in different sizes to accommodate a wide range of collectibles, from trading cards to figurines.\nDurability: Built to last, these cases offer long-term storage solutions, keeping your items in pristine condition.","button_background":"#ffffff","button_text_color":"#0774d7","button_text":"Learn more","button_link":""}},"4804c680-41be-442c-a44a-0dcccce68ba9":{"type":"slideshow","blocks":{"template--17170305941777__4804c680-41be-442c-a44a-0dcccce68ba9-16720490785857781f-1":{"type":"image","settings":{"image":"shopify:\/\/shop_images\/Default_Banner.png","show_overlay":false,"overlay_opacity":30,"text_color":"#ffffff","title":"","content":"","content_position":"middle_center","button_background":"#ffffff","button_text_color":"#000000","button_text":"Download the App HERE","link":"shopify:\/\/blogs\/news\/collectible-madness-mobile-app-now-available"}},"6229a830-012c-445c-bc36-21ec2a5ac31d":{"type":"image","settings":{"image":"shopify:\/\/shop_images\/FREE_SHIPIING.png","show_overlay":false,"overlay_opacity":30,"text_color":"#ffffff","title":"","content":"","content_position":"middle_center","button_background":"#ffffff","button_text_color":"#000000","button_text":"","link":"shopify:\/\/policies\/shipping-policy"}}},"block_order":["template--17170305941777__4804c680-41be-442c-a44a-0dcccce68ba9-16720490785857781f-1","6229a830-012c-445c-bc36-21ec2a5ac31d"],"settings":{"edge_to_edge":false,"section_size":"preserve_ratio","carousel_effect":"fade","autoplay":true,"cycle_speed":6}},"31e88b2b-6920-4a1f-9aab-7da2c899070d":{"type":"image-with-text","disabled":true,"settings":{"image":"shopify:\/\/shop_images\/GIVEAWAY_124f1c12-5c83-4f93-9df1-fa78c9b5e674.png","image_position":"left","image_width":35,"title":"Surging Sparks| HUGE GIVEAWAY","content":"<p>Hey Everyone - Its time for another HUGE GIVEAWAY !!!! We want to give everyone a chance to WIN !!! <\/p><p>With Every Order (you can enter multiple times) over $50.00 that includes at least 1 (ONE) Surging Sparks product, you will be automatically included into the draw.<\/p><p>There are 4 prizes in this Giveaway (2x Major and 2x Minor):<\/p>","button_text":"PREORDER TODAY","button_link":"shopify:\/\/collections\/pokemon-tcg-surging-sparks"}},"collection-list":{"type":"collection-list","blocks":{"collection-6":{"type":"collection","settings":{"collection":"collectible-madness-preorders","link":""}},"collection_cqHVwj":{"type":"collection","settings":{"collection":"clearance-sale","link":""}},"collection-1":{"type":"collection","settings":{"collection":"cm-tcg-storage-and-protection","link":""}},"collection_VFNLaL":{"type":"collection","settings":{"collection":"squishmallows","link":""}},"collection_Cm4tnf":{"type":"collection","settings":{"collection":"nba-all","link":""}},"collection_BAFj7T":{"type":"collection","settings":{"collection":"nanoblocks","link":""}},"collection_CehWYg":{"type":"collection","settings":{"collection":"board-games-all","link":""}}},"block_order":["collection-6","collection_cqHVwj","collection-1","collection_VFNLaL","collection_Cm4tnf","collection_BAFj7T","collection_CehWYg"],"settings":{"title":"Featured Collection List","link_title":"View all","link":"shopify:\/\/collections","round_images":false,"show_collection_title":true}},"d4a14441-2918-4a52-816e-396bac2e9055":{"type":"collection-list","blocks":{"collection_6gdgtR":{"type":"collection","settings":{"collection":"one-piece-card-game","link":""}},"collection_zqAPiD":{"type":"collection","settings":{"collection":"dragon-ball-super-sealed","link":""}},"collection_3yNpUK":{"type":"collection","settings":{"collection":"yu-gi-oh-sealed","link":""}},"template--17170305941777__d4a14441-2918-4a52-816e-396bac2e9055-1672048593a950c40d-4":{"type":"collection","settings":{"collection":"digimon-tcg-sealed","link":""}},"template--17170305941777__d4a14441-2918-4a52-816e-396bac2e9055-1672048593a950c40d-5":{"type":"collection","settings":{"collection":"japanese-pokemon-plush-1","link":""}},"a96975d2-ab8f-4e22-a3fd-606b50e27d60":{"type":"collection","settings":{"collection":"japanese-pokemon-tcg","link":""}}},"block_order":["collection_6gdgtR","collection_zqAPiD","collection_3yNpUK","template--17170305941777__d4a14441-2918-4a52-816e-396bac2e9055-1672048593a950c40d-4","template--17170305941777__d4a14441-2918-4a52-816e-396bac2e9055-1672048593a950c40d-5","a96975d2-ab8f-4e22-a3fd-606b50e27d60"],"settings":{"title":"","link_title":"","link":"shopify:\/\/collections","round_images":false,"show_collection_title":true}},"f0befe14-65e2-4ed6-ae30-5c92553c94e9":{"type":"collection-with-image","settings":{"collection":"under-20-specials","products_count":20,"show_quick_buy":true,"background":"#ffffff","text_color":"#0e0909","title":"Under $20.00 Specials","content":"We have created a Collection of all products $20.00 and under\n\nSomething Small and Something Special.\n\nCome Past and Grab yourself a deal !","button_background":"#ffffff","button_text_color":"#0774d7","button_text":"Learn more","button_link":"shopify:\/\/collections\/under-20-specials"}},"c1363dfc-1cbd-4862-8c16-3eaa0614e1ed":{"type":"collection-with-image","settings":{"collection":"collectible-madness-card-protection","products_count":12,"show_quick_buy":true,"background":"#ffffff","text_color":"#0e0909","title":"Collectible Madness Card Protection","content":"We have now added more to our own range of Collectible Protective  Products.\n\nNow protect your Cards with:\nPenny Sleeves\nPremium Card Sleeves\nTeam Bags and \nGraded Bags for your PSA, CGC slabs\nPremium Folders","button_background":"#ffffff","button_text_color":"#0774d7","button_text":"Learn more","button_link":"shopify:\/\/collections\/collectible-madness-card-protection"}},"552c50db-f947-446b-b2f6-f8d115644e19":{"type":"rich-text","settings":{"text_width":"narrow","title":"","content":"<p><strong>Pokemon - Pokemon - Pokemon<\/strong><\/p><p><\/p><p>Please check out our <a href=\"\/collections\/clearance-sale\" title=\"Clearance Sale !!!\"><strong>CLEARANCE<\/strong><\/a> Category. These items are priced to GO !!!<\/p><p><\/p><p>customer_support@collectiblemadness.com.au<\/p><p><\/p>","button_text":"","button_link":"shopify:\/\/collections\/all"}},"8fd0ff85-bd50-4f62-b05c-c5aee0ef6d9c":{"type":"promotion-list","blocks":{"template--17170305941777__8fd0ff85-bd50-4f62-b05c-c5aee0ef6d9c-167205012140c8ff33-0":{"type":"item","settings":{"image":"shopify:\/\/shop_images\/Business_Logo_NABC.png","show_overlay":true,"overlay_opacity":100,"stretch_image":false,"background":"#000000","text_color":"#ffffff","title":"EXCITING AND ESTABLISHED ONLINE STORE","content":"<p>Your \"ONE-STOP-SHOP\" for everything TCG, Collectible and Toys ! <br\/><br\/>We pride ourselves to Best in Class Customer Service while at the same time offering very competitive prices !<br\/><\/p>","content_position":"top_left","button_background":"#ffffff","button_text_color":"#6f42ef","button_text":"About Us","button_link":"shopify:\/\/pages\/about-us"}},"template--17170305941777__8fd0ff85-bd50-4f62-b05c-c5aee0ef6d9c-167205012140c8ff33-1":{"type":"item","settings":{"image":"shopify:\/\/shop_images\/office-staff-typing-on-laptop.jpg","show_overlay":true,"overlay_opacity":90,"stretch_image":false,"background":"#000000","text_color":"#ffffff","title":"FRIENDLY AND RESPONSIVE STAFF","content":"<p>We are here to provide around the clock any support and questions you might have.<\/p>","content_position":"top_left","button_background":"#ffffff","button_text_color":"#fc2a68","button_text":"Contact Us","button_link":"shopify:\/\/pages\/contact-us"}},"template--17170305941777__8fd0ff85-bd50-4f62-b05c-c5aee0ef6d9c-167205012140c8ff33-2":{"type":"item","settings":{"image":"shopify:\/\/shop_images\/glowing-sale-sign.jpg","show_overlay":true,"overlay_opacity":90,"stretch_image":true,"background":"#000000","text_color":"#ffffff","title":"COMPETITIVE PRICING AND FAST RELIABLE SERVICE","content":"<p>With our purchasing agreements in place with multiple Local and Global Suppliers \/ Distributors, we ensure you will purchase high quality products at low prices.<\/p>","content_position":"top_left","button_background":"#ffffff","button_text_color":"#26c1ce","button_text":"Shop","button_link":"shopify:\/\/collections"}},"8cd2feb8-681a-4e98-8792-e1725f931db2":{"type":"item","settings":{"image":"shopify:\/\/shop_images\/collectible-madness-rewards-logo_white.png","show_overlay":true,"overlay_opacity":90,"stretch_image":false,"background":"#000000","text_color":"#ffffff","title":"YOUR REWARDS PROGRAM","content":"<p>Not only providing competitive prices but we also offer the best REWARDS program around. <br\/><br\/>Shop with Collectible Madness and earn Points. Be rewarded with special savings, offerings and more.<\/p>","content_position":"top_left","button_background":"#ffffff","button_text_color":"#000000","button_text":"Join Now or Check out your Account Now","button_link":"https:\/\/collectiblemadness.com.au\/?loyal"}}},"block_order":["template--17170305941777__8fd0ff85-bd50-4f62-b05c-c5aee0ef6d9c-167205012140c8ff33-0","template--17170305941777__8fd0ff85-bd50-4f62-b05c-c5aee0ef6d9c-167205012140c8ff33-1","template--17170305941777__8fd0ff85-bd50-4f62-b05c-c5aee0ef6d9c-167205012140c8ff33-2","8cd2feb8-681a-4e98-8792-e1725f931db2"],"settings":{"expand_items":true,"section_size":"medium","stack_mobile":true}},"blog-posts":{"type":"blog-posts","settings":{"blog":"news","blog_posts_count":3,"title":"Blog posts","link_title":"View all","show_category":true,"show_author":false,"show_date":true,"show_excerpt":false,"stack_mobile":true}},"newsletter":{"type":"newsletter","settings":{"title":"Subscribe to our website","content":"<p>Subscribe to our website and receive a 5% Discount on your first order with us !<\/p>","background":"rgba(0,0,0,0)","text":"#ffffff"}},"1748075463d0cdc217":{"type":"_blocks","settings":{}},"175023558364442d08":{"type":"_blocks","settings":{}},"17502363367c04a834":{"type":"_blocks","blocks":{"ai_gen_block_29c51fe_8Y4y9x":{"type":"ai_gen_block_29c51fe","settings":{"alignment":"flex-start","margin_top":15,"margin_bottom":15,"max_width_desktop":120,"max_height_desktop":60,"max_width_mobile":100,"max_height_mobile":50,"hover_opacity":80,"show_vendor_name":false,"vendor_name_font_size":14,"vendor_name_color":"#666666","enable_vendor_links":true,"show_fallback":true,"fallback_type":"initials","fallback_background_color":"#f5f5f5","fallback_text_color":"#333333","fallback_border_color":"#dddddd","fallback_border_radius":4,"fallback_font_size":12,"fallback_padding":8,"fallback_min_width":60,"fallback_min_height":30,"vendor_1_handle":"Squishmallows","vendor_1_logo":"shopify:\/\/shop_images\/squishmallows_santino_the_platypus_3.5_clip-on_plush_1.jpg","vendor_1_url":"","vendor_2_handle":"","vendor_2_url":"","vendor_3_handle":"","vendor_3_url":"","vendor_4_handle":"","vendor_4_url":"","vendor_5_handle":"","vendor_5_url":"","vendor_6_handle":"","vendor_6_url":"","vendor_7_handle":"","vendor_7_url":"","vendor_8_handle":"","vendor_8_url":""},"blocks":{}}},"block_order":["ai_gen_block_29c51fe_8Y4y9x"],"settings":{}}},"order":["d4f55def-78e5-42c1-8d3a-e752b27ab591","16887039728694eafa","slideshow","featured_collection_QtebBq","8fa073f5-6857-469b-bdbe-050af92a6c8e","collection_with_image_WwNaGP","4804c680-41be-442c-a44a-0dcccce68ba9","31e88b2b-6920-4a1f-9aab-7da2c899070d","collection-list","d4a14441-2918-4a52-816e-396bac2e9055","f0befe14-65e2-4ed6-ae30-5c92553c94e9","c1363dfc-1cbd-4862-8c16-3eaa0614e1ed","552c50db-f947-446b-b2f6-f8d115644e19","8fd0ff85-bd50-4f62-b05c-c5aee0ef6d9c","blog-posts","newsletter","1748075463d0cdc217","175023558364442d08","17502363367c04a834"]}