{"sections":{"main":{"type":"main-collections-list","blocks":{"ef3efb1a-0fd8-45c0-84d6-8a1687293a75":{"type":"collection","settings":{"collection":"collectible-madness-preorders"}},"0b00cf79-ef6d-43ea-837e-73286e1f8a6b":{"type":"collection","settings":{"collection":"darkness-ablaze"}},"6b8efb03-d503-4dd8-9185-8d08f92298cf":{"type":"collection","settings":{"collection":"pokemon-rebel-clash"}}},"block_order":["ef3efb1a-0fd8-45c0-84d6-8a1687293a75","0b00cf79-ef6d-43ea-837e-73286e1f8a6b","6b8efb03-d503-4dd8-9185-8d08f92298cf"],"settings":{"collections_to_show":"all","collection_linklist":"","show_collection_title":true,"show_collection_overlay":true,"collection_overlay_opacity":20}}},"order":["main"]}