{"sections":{"main":{"type":"main-page","settings":{}},"1688704739b8f7a8ef":{"type":"apps","blocks":{"353f64af-6b96-4eb7-b94d-08da284d087d":{"type":"shopify:\/\/apps\/stamped-product-reviews-ugc\/blocks\/site-badge\/a103faaf-2125-4b0e-89fa-de5149736723","settings":{"badge_type":"badge","color_outer":"","color_inner":"","color_ribbon":"","color_text":"","color_stars":"","title_size":12,"title":"Verified Reviews"}},"c64b839b-2295-4c24-9d1b-5259b0e48b83":{"type":"shopify:\/\/apps\/stamped-product-reviews-ugc\/blocks\/full-page\/a103faaf-2125-4b0e-89fa-de5149736723","disabled":true,"settings":{"product_image":true,"take":30,"label_substitute":"","color_star":"","color_verified":"","color_text":"","color_link":"","review_ids":"","product_ids":"","category":"","product_brand":"","tags":"","min_rating":"none","fill_empty":false,"random":false,"with_photos":false}},"b72b9dfc-cb4b-45e3-8a5d-8b19ff217273":{"type":"shopify:\/\/apps\/stamped-product-reviews-ugc\/blocks\/main-widget\/a103faaf-2125-4b0e-89fa-de5149736723","settings":{"animation":true,"tags_exclude":"","tags_include":"","search":"","linkify":true,"use_metafields":false,"sku_tagtype":"sku"}}},"block_order":["353f64af-6b96-4eb7-b94d-08da284d087d","c64b839b-2295-4c24-9d1b-5259b0e48b83","b72b9dfc-cb4b-45e3-8a5d-8b19ff217273"],"settings":{"include_margins":true}},"newsletter":{"type":"newsletter","settings":{"title":"Subscribe to our Website","content":"<p>Subscribe to our website and receive a 5% Discount on your first order with us !<\/p>","background":"#0e0909","text":"#ffffff"}}},"order":["main","1688704739b8f7a8ef","newsletter"]}