{"sections":{"smile-landing-page":{"type":"smile-landing-page","disabled":true,"settings":{}},"17339174089babc8b6":{"type":"apps","blocks":{"smile_io_smile_landing_page_header_DE7AJy":{"type":"shopify:\/\/apps\/smile-io\/blocks\/smile-landing-page-header\/2fae4e25-1841-4ea2-bc02-bd548478c4f6","settings":{"primary_colour":"#333","secondary_colour":"#fff","title_text":"Step into the World of CM Rewards","description_text":"Accrue CM Points with every purchase and exchange them for exciting discounts on your next shopping spree.","join_button_text":"Join now","login_button_text":"Log in","is_previewing_logged_in_state":false,"discover_button_text":"Discover the loyalty program"}}},"block_order":["smile_io_smile_landing_page_header_DE7AJy"],"settings":{"include_margins":true}},"1733917431b1419f35":{"type":"apps","blocks":{"smile_io_smile_landing_page_how_it_works_hQzTXL":{"type":"shopify:\/\/apps\/smile-io\/blocks\/smile-landing-page-how-it-works\/2fae4e25-1841-4ea2-bc02-bd548478c4f6","settings":{"primary_colour":"#333","secondary_colour":"#fff","title_text":"How it works","step1_heading_text":"Join","step1_description_text":"Sign up or login to start earning straight away.","step2_heading_text":"Earn","step2_description_text":"Earn points for every dollar spent.","step3_heading_text":"Redeem","step3_description_text":"Redeem points for discounts on your next purchase."}}},"block_order":["smile_io_smile_landing_page_how_it_works_hQzTXL"],"settings":{"include_margins":true}},"1733917434e77ed41b":{"type":"apps","blocks":{"smile_io_smile_landing_page_earning_rule_highlight_3WA7iB":{"type":"shopify:\/\/apps\/smile-io\/blocks\/smile-landing-page-earning-rule-highlight\/2fae4e25-1841-4ea2-bc02-bd548478c4f6","settings":{"primary_colour":"#333","secondary_colour":"#fff","title_text":"Collect CM Points with each order you make","description_text":"The higher your spending, the greater your savings.","button_text":"Ways to earn"}}},"block_order":["smile_io_smile_landing_page_earning_rule_highlight_3WA7iB"],"settings":{"include_margins":true}},"17339174744c0ae189":{"type":"apps","blocks":{"smile_io_smile_landing_page_redeeming_rule_highlight_aDmMJ6":{"type":"shopify:\/\/apps\/smile-io\/blocks\/smile-landing-page-redeeming-rule-highlight\/2fae4e25-1841-4ea2-bc02-bd548478c4f6","settings":{"primary_colour":"#333","secondary_colour":"#fff","title_text":"Unlock Rewards with Your CM Points","description_text":"You have the choice to redeem your CM Points on your next purchase or save them for even more valuable rewards.","button_text":"Ways to redeem"}}},"block_order":["smile_io_smile_landing_page_redeeming_rule_highlight_aDmMJ6"],"settings":{"include_margins":true}}},"order":["smile-landing-page","17339174089babc8b6","1733917431b1419f35","1733917434e77ed41b","17339174744c0ae189"]}