{"sections":{"main":{"type":"main-page","settings":{}},"faq":{"type":"faq","blocks":{"separator-1":{"type":"separator","settings":{"title":"How to Order"}},"question-3":{"type":"question","settings":{"title":"Order Online","answer":"<p>The process is all online, utilizing our online order form.<\/p><p>Select the Service Level required !<\/p><p>Enter in the details of each card being submitted !<\/p><p>Hit Submit Order<\/p><p>Payment as per normal process<\/p><p>All details of each card is printed on your order confirmation<\/p><p><strong>Please note Collectible Madness is providing a Middleman Service and CGC are providing the Card Grading Services in the USA !<\/strong><\/p><p><\/p><p><a href=\"\/collections\/psa-grading\" title=\"PSA Grading Services\">Link here<\/a><\/p>"}},"question-4":{"type":"question","settings":{"title":"Required Card Details","answer":"<p>For each card submitted we require the follow details of the specific card:<\/p><p><\/p><p>1. The Year of the card !<\/p><p>2. What expansion set it refers to !<\/p><p>3. Card Name and Rarity<\/p><p>4. Card Number and Expansion set number<\/p><p>5. Expected Graded Value (USD)<\/p><p><\/p><p>Example:<\/p><p><\/p><p><strong>Year: 2020<\/strong><\/p><p><strong>Expansion Set: Sword and Shield<\/strong><\/p><p><strong>Card name and Rarity: Celebi V Ultra Rare<\/strong><\/p><p><strong>Card Number and Set number: 1 \/ 202<\/strong><\/p><p><strong>Card Graded Value: USD$20<\/strong><\/p><p><\/p>"}},"ea88adb4-b46e-4646-b4e5-257a9f417326":{"type":"separator","settings":{"title":"Service Levels"}},"d71cf61e-664c-426a-bef4-d2fb6f3aa5ff":{"type":"question","settings":{"title":"Economy Service","answer":"<p>This service is for cards with a <a href=\"https:\/\/www.psacard.com\/resources\/faq#104\">Declared value<\/a> of maximum USD$500 (per card).<\/p><p><strong>Grading Submission Cost\" $50 per card<\/strong><\/p><p><strong>CGC ESTIMATED TURNAROUND**: 40 Business Days<\/strong><\/p><p><em>**This does not included transit time from Collectible Madness to CGC and CGC back to Collectible Madness<\/em><\/p><p>**<strong>Turnaround times are approximate and not guaranteed.<\/strong><\/p>"}},"question-5":{"type":"question","settings":{"title":"Standard Service","answer":"<p>This service is for cards with a <a href=\"https:\/\/www.psacard.com\/resources\/faq#104\">Declared value<\/a> of maximum USD$1000 (per card).<\/p><p><strong>Grading Submission Cost\" $70 per card<\/strong><\/p><p><strong>CGC ESTIMATED TURNAROUND**: 30 Business Days<\/strong><\/p><p><em>**This does not included transit time from Collectible Madness to CGC and CGC back to Collectible Madness<\/em><\/p>"}},"a09911ff-f9ff-4b03-976c-b362d72e6f58":{"type":"question","settings":{"title":"Express Service","answer":"<p>This service is for cards with a <a href=\"https:\/\/www.psacard.com\/resources\/faq#104\">Declared value<\/a> of maximum USD$10,000 (per card).<\/p><p><strong>Grading Submission Cost\" $120 per card<\/strong><\/p><p><strong>CGC ESTIMATED TURNAROUND**: 10 Business Days<\/strong><\/p><p><em>**This does not included transit time from Collectible Madness to CGC and CGC back to Collectible Madness<\/em><\/p><p>**<strong>Turnaround times are approximate and not guaranteed.<\/strong><\/p>"}},"4bd3f1ad-7d2c-4020-ab23-745275657c79":{"type":"question","settings":{"title":"Sub-Grades","answer":"<p>Sub-Grades are available on all Service levels.<\/p><p>This is selectable within the submission form.<\/p><p>In addition to its overall grade, a card is assigned grades for Centering, Corners, Edges and Surface.<\/p>"}},"ef3c0c47-f4b3-47b1-b430-e71e69d920bf":{"type":"question","settings":{"title":"Fair Market Value","answer":"<p>In the event that CGC, at its sole discretion, determines that the fair market value of a collectible is higher than the value stated by the submitter, CGC will move the collectible to the appropriate higher tier and the additional charge will be the responsibility of the submitter. <\/p><p>For more information on determining fair market value, review the <a href=\"https:\/\/www.cgccomics.com\/submit\/declared-value-policy\/\">Declared Value Policy<\/a>.<\/p>"}},"9817e06c-658c-4f47-affe-d680f21921dd":{"type":"question","settings":{"title":"Declared Value","answer":"<p>The declared value is based on the raw card being submitted.<\/p><p>To understand | determine the current value in USD, we suggest to use Troll and Toad to assist with pricing of your card. See link below:<\/p><p><a href=\"https:\/\/www.trollandtoad.com\/pokemon\/all-singles\/7088\" target=\"_blank\" title=\"https:\/\/www.trollandtoad.com\/pokemon\/all-singles\/7088\">Troll and Toad<\/a><\/p><p>You can also use eBay to help:<\/p><p><a href=\"https:\/\/www.ebay.com\/sch\/i.html?_from=R40&_trksid=p2380057.m570.l1313&_nkw=pokemon+cards&_sacat=0\" target=\"_blank\" title=\"https:\/\/www.ebay.com\/sch\/i.html?_from=R40&_trksid=p2380057.m570.l1313&_nkw=pokemon+cards&_sacat=0\">eBay<\/a><\/p><p><\/p>"}},"f6830def-5069-410b-946e-165c417d0225":{"type":"separator","settings":{"title":"Sending your cards to Collectible Madness"}},"433b02b3-5dfd-41bf-8dcb-fbe320d6c56a":{"type":"question","settings":{"title":"Step 1. Sleeve and Top Load them please !","answer":"<p>It is a requirement to place your card into a new penny sleeve then insert the card into either a <a href=\"\/products\/178_ultra-pro-top-loader-3-x-4-35pt-regular-clear\" title=\"ULTRA PRO Top Loader - 3 x 4 35pt Regular Clear\"><strong>top loader<\/strong><\/a> or a <a href=\"\/products\/utlra-pro-card-sleeve-semi-rigid-1-2-lip-tall-sleeves-200ct\" title=\"UTLRA PRO CARD SLEEVE - Semi Rigid 1\/2&quot; Lip Tall Sleeves (200ct)\"><strong>semi-rigid card saver<\/strong><\/a>. <\/p>"}},"18b55fea-dd3d-4a77-a649-f2d533dbbc88":{"type":"question","settings":{"title":"Step 2. Don't let them move !","answer":"<p>It is important that the cards do not move too much.<\/p><p><\/p><p>So please put all of your cards in between two cardboard pieces that are larger than the items. Hold the package together with rubber bands. Ensure that the rubber bands are not too tight. They should be just tight enough to hold the cardboard pieces together and prevent the cards from falling out.<\/p>"}},"ad5b6b9d-156c-435a-826d-363f11976ee4":{"type":"question","settings":{"title":"Step 3. Package them  !","answer":"<p>Once Steps 1 and 2 are completed, you are now at the packaging step. We recommend to package in a small box or a padded bubble mailer.<\/p><p>Make sure you also include your order confirmation.<\/p>"}},"e70c349c-7c4c-47a5-9716-1b994c7fb0f2":{"type":"question","settings":{"title":"Step 4. Lastly, Send them !","answer":"<p>Post too:<\/p><p><\/p><p>Collectible Madness<\/p><p>PO Box 6141<\/p><p>Burton SA 5110<\/p><p><\/p><p><strong>Please note that Collectible Madness does not take any responsibility on the packaging and transport to us.<\/strong><\/p><p>It is also highly recommended that you send your cards with tracking and signature.<\/p><p>Send any tracking details to:<\/p><p>collectible.madness@gmail.com<\/p><p>so that we can monitor and track the progress.<\/p>"}},"1bd67d5a-9e31-4cc0-9233-92070137e5d5":{"type":"separator","settings":{"title":"Turnaround and Insurance"}},"6fa833d3-5d95-4164-bc77-a3d6a35c2fd7":{"type":"question","settings":{"title":"Submissions","answer":"<p>Collectible Madness will submit all cards (no matter the service level) for grading to CGC on the first business day of every month<\/p><p>All submissions will be tracked and updated on our website<\/p>"}},"b7f7c900-6252-45c1-a0e8-693f1162cf93":{"type":"question","settings":{"title":"Transit and Process Time \"TO\" and \"FROM\" CGC","answer":"<p><strong>Transit Times<\/strong><\/p><p>5 to 7 days (approx) Transit from Collectible Madness to CGC<br\/>5 to 10 days (approx) time to register onto CGC system<\/p><p>Grading time (based on service level) at CGC then<br\/>5 to 7 days (approx) Transit back to Collectible Madness<\/p><p>**<strong>Turnaround times are approximate and not guaranteed.<\/strong><\/p>"}},"ff3b2f31-3cfb-4f75-ae79-d5ffaaa86535":{"type":"question","settings":{"title":"Transit from Collectible Madness Back to Customer","answer":"<p>For any order that is under the the value of $100, free standard delivery applies.<\/p><p><\/p><p>For Express service price is available during check out !<\/p>"}},"4d5154a4-66dd-4f49-87ac-7c48e72e34c1":{"type":"question","settings":{"title":"Insurance and Customs Duty !","answer":"<p><strong>Unfortunately \"NO\" insurance will be taken !<\/strong> Due to the nature of this product and the potential high values to be declared, more attention is given to the parcel through the logistics journey.<\/p><p>Therefore encountering large fees, excessive delays within customs, additional customs and duty charges.<\/p><p><em><strong>Due to this, Collectible Madness does not take any responsibility to cover your lost order and no refund will be offered.<\/strong><\/em><\/p><p>However, if you are submitting a card(s) and would wish for insurance, we would be happy to quote the total cost and help provide you that piece of mind<\/p>"}}},"block_order":["separator-1","question-3","question-4","ea88adb4-b46e-4646-b4e5-257a9f417326","d71cf61e-664c-426a-bef4-d2fb6f3aa5ff","question-5","a09911ff-f9ff-4b03-976c-b362d72e6f58","4bd3f1ad-7d2c-4020-ab23-745275657c79","ef3c0c47-f4b3-47b1-b430-e71e69d920bf","9817e06c-658c-4f47-affe-d680f21921dd","f6830def-5069-410b-946e-165c417d0225","433b02b3-5dfd-41bf-8dcb-fbe320d6c56a","18b55fea-dd3d-4a77-a649-f2d533dbbc88","ad5b6b9d-156c-435a-826d-363f11976ee4","e70c349c-7c4c-47a5-9716-1b994c7fb0f2","1bd67d5a-9e31-4cc0-9233-92070137e5d5","6fa833d3-5d95-4164-bc77-a3d6a35c2fd7","b7f7c900-6252-45c1-a0e8-693f1162cf93","ff3b2f31-3cfb-4f75-ae79-d5ffaaa86535","4d5154a4-66dd-4f49-87ac-7c48e72e34c1"],"settings":{"show_contact_info":true,"contact_info_heading":"Any question?","contact_info_text":"<p>If we still haven't answered your question, you can contact us below and we will get back to you as soon as possible.<\/p>","contact_1_icon":"bi-phone","contact_1_heading":"Customer support","contact_1_text":"<p>Enter your text here<\/p>","contact_2_icon":"bi-email","contact_2_heading":"Send a message","contact_2_text":"<p>Enter your text here<\/p>"}}},"order":["main","faq"]}