{"sections":{"main":{"type":"main-product","blocks":{"product_meta":{"type":"product_meta","settings":{"show_vendor":true,"show_sku":true,"show_reviews_badge":true,"show_share_buttons":true}},"klarna_on_site_messaging_app_block_bQFAt7":{"type":"shopify:\/\/apps\/klarna-on-site-messaging\/blocks\/app-block\/b95936a9-74b6-4a95-8103-6a1b6459c25e","settings":{"data_key":"top-strip-promotion-badge","theme":"dark","topPadding":"0","bottomPadding":"0","messagePrefix":""}},"variant_selector":{"type":"variant_selector","settings":{"selector_mode":"block","color_mode":"color","show_quantity_selector":true,"show_taxes_included":false,"show_inventory_quantity":false,"low_inventory_threshold":0}},"buy_buttons":{"type":"buy_buttons","settings":{"show_payment_button":true}},"description":{"type":"description","settings":{"display_mode":"show_all"}}},"block_order":["product_meta","klarna_on_site_messaging_app_block_bQFAt7","variant_selector","buy_buttons","description"],"settings":{"image_size":"small","enable_video_looping":false,"enable_image_zoom":true,"zoom_effect":"outside","carousel_effect":"fade"}},"product-recommendations":{"type":"product-recommendations","settings":{"heading":"You may also like","show_quick_buy":false}},"recently-viewed-products":{"type":"recently-viewed-products","settings":{"title":"Recently viewed","show_quick_buy":false}}},"order":["main","product-recommendations","recently-viewed-products"]}