{"sections":{"main":{"type":"main-product","blocks":{"stamped_product_reviews_ugc_star_rating_badge_QtHjWm":{"type":"shopify:\/\/apps\/stamped-reviews\/blocks\/star-rating-badge\/a103faaf-2125-4b0e-89fa-de5149736723","settings":{"use_metafields":false,"sku_tagtype":"sku","is_featured_product":false,"featured_product_handle":""}},"product_meta":{"type":"product_meta","settings":{"show_vendor":true,"show_sku":true,"show_reviews_badge":true,"show_share_buttons":true}},"klarna_on_site_messaging_app_block_tKqHTk":{"type":"shopify:\/\/apps\/klarna-on-site-messaging\/blocks\/app-block\/b95936a9-74b6-4a95-8103-6a1b6459c25e","settings":{"data_key":"credit-promotion-badge","theme":"dark","topPadding":"0","bottomPadding":"0","messagePrefix":""}},"variant_selector":{"type":"variant_selector","settings":{"selector_mode":"block","color_mode":"color","show_quantity_selector":true,"show_taxes_included":true,"show_inventory_quantity":true,"low_inventory_threshold":0}},"buy_buttons":{"type":"buy_buttons","settings":{"show_payment_button":true}},"description":{"type":"description","settings":{"display_mode":"view_more"}},"134243f6-68f2-42a3-8107-29d72d8e7609":{"type":"reviews","disabled":true,"settings":{}},"e138e1e5-76a7-4633-8c87-0452bd40b5e7":{"type":"trust","settings":{"trust_title":"Payment & Security","show_payment_icons":true,"custom_security_badge_width":200}},"wishlist_plus_wishlist_pdp_button_KNDikY":{"type":"shopify:\/\/apps\/wishlist-plus\/blocks\/wishlist-pdp-button\/80c3b1fc-3a8f-407e-8367-ffdeebb8b612","settings":{"swym_atw_button_icon":"star","swym_atw_icon_thickness":1.7,"swym_atw_display_btn_text":true,"swym_button_position":"default","swym_atw_button_vertical_offset":0,"swym_atw_full_width":true,"swym_atw_button_alignment":"center","swym_add_to_wishlist_color":"#000000","swym_added_to_wishlist_color":"#222222","swym_button_text_color":"#ffffff","swym_atw_border_color":"#000000","swym_atw_border_thickness":0,"swym_atw_button_border_radius":0,"swym_enable_hover_customization":false,"swym_hover_add_to_wishlist_color":"#000000","swym_hover_added_to_wishlist_color":"#222222","swym_hover_button_text_color":"#ffffff","swym_hover_atw_border_color":"#000000","swym_hover_atw_border_thickness":0,"swym_hover_atw_button_border_radius":0,"swym_custom_css":""}}},"block_order":["stamped_product_reviews_ugc_star_rating_badge_QtHjWm","product_meta","klarna_on_site_messaging_app_block_tKqHTk","variant_selector","buy_buttons","description","134243f6-68f2-42a3-8107-29d72d8e7609","e138e1e5-76a7-4633-8c87-0452bd40b5e7","wishlist_plus_wishlist_pdp_button_KNDikY"],"settings":{"image_size":"small","enable_video_looping":false,"enable_image_zoom":true,"zoom_effect":"outside","carousel_effect":"fade"}},"product-recommendations":{"type":"product-recommendations","settings":{"heading":"You may also like","show_quick_buy":true}},"recently-viewed-products":{"type":"recently-viewed-products","settings":{"title":"Recently viewed","show_quick_buy":false}},"167205231052ba1abf":{"type":"apps","blocks":{"stamped_product_reviews_ugc_main_widget_nVc9tT":{"type":"shopify:\/\/apps\/stamped-reviews\/blocks\/main-widget\/a103faaf-2125-4b0e-89fa-de5149736723","settings":{"animation":true,"tags_exclude":"","tags_include":"","search":"","linkify":true,"use_metafields":false,"sku_tagtype":"sku"}}},"block_order":["stamped_product_reviews_ugc_main_widget_nVc9tT"],"settings":{"include_margins":true}}},"order":["main","product-recommendations","recently-viewed-products","167205231052ba1abf"]}