{"sections":{"main":{"type":"main-product","blocks":{"product_meta":{"type":"product_meta","settings":{"show_vendor":true,"show_sku":true,"show_reviews_badge":false,"show_share_buttons":true}},"variant_selector":{"type":"variant_selector","settings":{"selector_mode":"block","color_mode":"color","show_quantity_selector":true,"show_taxes_included":true,"show_inventory_quantity":true,"low_inventory_threshold":0}},"buy_buttons":{"type":"buy_buttons","settings":{"show_payment_button":true}},"description":{"type":"description","settings":{"display_mode":"view_more"}},"134243f6-68f2-42a3-8107-29d72d8e7609":{"type":"reviews","settings":{}},"e138e1e5-76a7-4633-8c87-0452bd40b5e7":{"type":"trust","settings":{"trust_title":"Payment & Security","show_payment_icons":true,"custom_security_badge_width":200}}},"block_order":["product_meta","variant_selector","buy_buttons","description","134243f6-68f2-42a3-8107-29d72d8e7609","e138e1e5-76a7-4633-8c87-0452bd40b5e7"],"settings":{"image_size":"small","enable_video_looping":false,"enable_image_zoom":true,"zoom_effect":"outside","carousel_effect":"fade"}},"product-recommendations":{"type":"product-recommendations","settings":{"heading":"You may also like","show_quick_buy":false}},"recently-viewed-products":{"type":"recently-viewed-products","settings":{"title":"Recently viewed","show_quick_buy":false}},"167205231052ba1abf":{"type":"apps","blocks":{"18303064-f29b-4759-8c2e-95f3cf074116":{"type":"shopify:\/\/apps\/stamped-product-reviews-ugc\/blocks\/main-widget\/a103faaf-2125-4b0e-89fa-de5149736723","settings":{"animation":true,"tags_exclude":"","tags_include":"","search":"","linkify":true,"use_metafields":true,"sku_tagtype":"sku"}}},"block_order":["18303064-f29b-4759-8c2e-95f3cf074116"],"settings":{"include_margins":true}}},"order":["main","product-recommendations","recently-viewed-products","167205231052ba1abf"]}